,,,,,,,,,,,,,
Organisation Type,Project/Scheme Type,Organisation Name,Scheme/Project Name,Referral method,Address,Post Code,Number of Clients,Contact Details,Opening Time(s),Notes,Website,,
,,,,,,,,,,,,,
Salvation Army,Food Distribution,Salvation Army Bolton Citadel,Drop In Centre,Not known,"102 St George's Road, Bolton",BL1 2BZ,,bolton.citadel@salvationarmy.org.uk,Wednesday 9:30am - 12noon,,http://www.salvationarmy.org.uk/Bolton-Citadel,,
Registered Charity,Hot & cold meals for 16 - 25 year olds,Young People's Support Foundation (YPSF) ,Wythenshawe,,"St Andrew's Hall, Brownley Road, Wythenshawe, Manchester",M22 0DW,,info@ypsf.co.uk,Tuesdays and Thursdays 10am- 12noon,,http://www.ypsf.co.uk/,,
Registered Charity,Hot & cold meals for 16 - 25 year olds,Young People's Support Foundation (YPSF) ,Norther Quarter,,"52 Oldham Street, Northern Quarter, Manchester",M4 1LE,,info@ypsf.co.uk,"Monday, Wednesday, Friday 10am -12noon",,http://www.ypsf.co.uk/,,
Registered Charity,Children's Charity,Wood Street Mission,Independent,Referral Only,26 Wood Street Manchester ,M3 3EF,,info@woodstreetmission.org.uk 0161 834 3140,Monday-Friday 8.30-4.30 (Office) Tuesday-Thursday 10am-1pm (community Shop),,http://www.woodstreetmission.org.uk,,
Church Group,Food Bank,Wellspring Community Church,,Foodbank voucher,"Brendon Avenue, Moston, Manchester",M40 9DN,,office@wellspringcommunitychurch.org 0161 219 1284,,,http://wellspringcommunitychurch.org/,,
Community Organisation,Food Distribution,Wai Yin Society,Cheetham Welcome Centre,Referral only,"18-32 Brentfield Avenue, Cheetham Hill, Manchester",M8 0TW,,info@waiyin.org.uk,"Mondays, Tuesdays, Thursdays and Fridays 10am - 3pm 2. We also provide a hot meal for 50p each lunchtime (Halal)- free to those with no money",A referral is required for food parcels. Phoning in advance is advised,http://www.waiyin.org.uk,,
Registered Charity,Food Bank,Urban Outreach,Storehouse,Referral,"Environ House, Salop Street, Bolton",BL2 1DZ,Appoximately 100 food parcels provided each week - feeding around 300 people,01204 385 848 ,One morning per week,People who receive vouchers (from one of 100 referral agencies) are informed of the location and opening times of the foodbank,http://www.urbanoutreach.co.uk/projects/59,,
Registered Charity,Food Bank,Trussell Trust,Atherton & Leigh (King Street) Foodbank,Foodbank Voucher,"Kingsleigh Methodist Church, King Street, Leigh",WN7 4LR,,info@athertonleigh.foodbank.org.uk,Monday & Tuesday 10am - 12noon,,http://athertonleigh.foodbank.org.uk/,,
Registered Charity,Food Bank,Trussell Trust,Atherton & Leigh (Vernon Street) Foodbank,Foodbank Voucher,"Leigh Baptist Church, 35 Vernon Street, Leigh",WN7 1BH,,info@athertonleigh.foodbank.org.uk,Thursday 10am - 12noon,,http://athertonleigh.foodbank.org.uk/,,
Registered Charity,Food Bank,Trussell Trust,Atherton & Leigh (Wigan) Foodbank,Foodbank Voucher,"Olympic House, Platt Street, Platt Bridge, Wigan",WN2 5DA,,info@athertonleigh.foodbank.org.uk,Tuesday 1 - 3pm,,http://athertonleigh.foodbank.org.uk/,,
Registered Charity,Food Bank,Trussell Trust,Atherton & Leigh (Atherton) Foodbank,Foodbank Voucher,"Atherton Parish Church, St John the Baptist, Market Street, Atherton, Manchester",M46 0DD,,info@athertonleigh.foodbank.org.uk,Wednesdays & Friday 1pm - 3pm,,http://athertonleigh.foodbank.org.uk/,,
Registered Charity,Food Bank,Trussell Trust,Burnage (Burnage Lane) Foodbank,Foodbank Voucher,"St Bernard's Church Hall, Burnage Lane, Burnage, Manchester",M19 1DR,,info@burnage.foodbank.org.uk,Friday 3pm - 5pm,,http://burnage.foodbank.org.uk/,,
Registered Charity,Food Bank,Trussell Trust,Burnage (Kingsway) Foodbank,Foodbank Voucher,"St Nicholas Church 408 Kingsway, Burnage, Manchester",M19 1PL,,info@burnage.foodbank.org.uk,Tuesday 12.30 - 2.30pm,,http://burnage.foodbank.org.uk/,,
Registered Charity,Food Bank,Trussell Trust,Burnage (Parrswood Road) Foodbank,Foodbank Voucher,"Christchurch, Parrswood Road, Didsbury, Manchester",M20 6EE,,info@burnage.foodbank.org.uk,Tuesday 12noon - 2pm,,http://burnage.foodbank.org.uk/,,
Registered Charity,Food Bank,Trussell Trust,Cholton and Didsbury (Hardy Lane) Foodbank,Foodbank Voucher,"St Barnabus, Hurstville Road, off Hardy Lane, Chorlton, Manchester",M21 8DH,,info@chorltondidsbury.foodbank.org.uk,Friday 11am - 1pm,,http://chorltondidsbury.foodbank.org.uk/,,
Registered Charity,Food Bank,Trussell Trust,Cholton and Didsbury (Nell Lane) Foodbank,Foodbank Voucher,"Buckthorn House, Buckthorn Close, Nell Lane, Chorlton, Manchester",M21 7UG,,info@chorltondidsbury.foodbank.org.uk,Monday 11am - 1pm,,http://chorltondidsbury.foodbank.org.uk/,,
Registered Charity,Food Bank,Trussell Trust,Cholton and Didsbury (West Didsbury) Foodbank,Foodbank Voucher,"Christ Church Hall, Darley Avenue, West Didsbury, Manchester",M20 2ZD,,info@chorltondidsbury.foodbank.org.uk,Wednesday 11am - 1pm,,http://chorltondidsbury.foodbank.org.uk/,,
Registered Charity,Food Bank,Trussell Trust,Droylsden & District Foodbank,Foodbank Voucher,"St Mary's Church, Church Street, Droylesden, Manchester",M43 7BR,,info@droylsdendistrict.foodbank.org.uk,Friday 12pm - 2pm,,http://droylsdendistrict.foodbank.org.uk/,,
Registered Charity,Food Bank,Trussell Trust,Fallowfield & Withington (Platt Lane) Foodbank,Foodbank Voucher,"The Place M14, Platt Lane, Fallowfield, Manchester",M14 7FB,,info@fallowfieldwithington.foodbank.org.uk,Wednesday 5 - 6.30pm,,http://fallowfieldwithington.foodbank.org.uk,,
Registered Charity,Food Bank,Trussell Trust,Fallowfield & Withington (Wellington Road) Foodbank,Foodbank Voucher,"Union Chapel, 2b Wellington Road, Fallowfield, Manchester",M14 6EQ,,info@fallowfieldwithington.foodbank.org.uk,Friday 12 - 2pm,,http://fallowfieldwithington.foodbank.org.uk,,
Registered Charity,Food Bank,Trussell Trust,Fallowfield & Withington (Wilbraham Road) Foodbank,Foodbank Voucher,"Holy Innocents, 2 Wilbraham Road, Fallowfield, Manchester",M14 6JZ,,info@fallowfieldwithington.foodbank.org.uk,Saturday 10am - 12 noon,,http://fallowfieldwithington.foodbank.org.uk,, 
Registered Charity,Food Bank,Trussell Trust,Fallowfield & Withington (Palatine Road) Foodbank,Foodbank Voucher,"St Cuthbert's Hall, 3 Palatine Road, Withington, Manchester",M20 3LH,Since opened: fed 636 people including 266 children,info@fallowfieldwithington.foodbank.org.uk,Tuesday 12noon - 2pm,,http://fallowfieldwithington.foodbank.org.uk/,,
Registered Charity,Food Bank,Trussell Trust,Farnworth and Kearsley (Plodder Lane) Foodbank,Foodbank Voucher,"Our Lady of Lourdes Parish Centre, 275 Plodder Lane, Farnworth, Bolton",BL4 0BR,,info@farnworthkearsley.foodbank.org.uk,Monday 12noon - 2pm,,http://farnworthkearsley.foodbank.org.uk/,,
Registered Charity,Food Bank,Trussell Trust,Farnworth and Kearsley (Trafford Street) Foodbank,Foodbank Voucher,"The Well, Trafford Street, Farnworth, Bolton",BL4 7PQ,,info@farnworthkearsley.foodbank.org.uk,Tuesday - Friday 12noon - 2pm,,http://farnworthkearsley.foodbank.org.uk/,,
Registered Charity,Food Bank,Trussell Trust,Farnworth and Kearsley (Little Hulton) Foodbank,Foodbank Voucher,"Wharton & Clegg's Lane Church & Community Centre, Clegg's Lane, Little Hulton, Salford",M38 9RW,,info@farnworthkearsley.foodbank.org.uk,Tuesday 10:30am - 1pm,,http://farnworthkearsley.foodbank.org.uk/,,
Registered Charity,Food Bank,Trussell Trust,Manchester South Central (Hulme) Foodbank,Foodbank Voucher,"Unit 3, Wesley Enterprise Centre, Royce Road, Hulme, Manchester",M15 5BP,,info@manchestersouthcentral.foodbank.org.uk,Saturday 11am - 1pm,"Run by three 3 churches in Whalley Range, Moss Side and Hulme",http://manchestersouthcentral.foodbank.org.uk/,,
Registered Charity,Food Bank,Trussell Trust,Manchester South Central (Whalley Range) Foodbank,Foodbank Voucher,"St Edmund's, Alexandra Road South, Whalley Range, Manchester",M16 8EZ,,info@manchestersouthcentral.foodbank.org.uk,Wednesday 1pm - 3pm,"Run by three 3 churches in Whalley Range, Moss Side and Hulme",http://manchestersouthcentral.foodbank.org.uk/,,
Registered Charity,Food Bank,Trussell Trust,Middleton Central Foodbank,Foodbank Voucher,"Unit S6b/c Middleton Shopping Centre, Limetrees Road, Middleton ",M24 4EL,,info@middletoncentral.foodbank.org.uk,Monday and Thursday 11am - 1pm,,http://middletoncentral.foodbank.org.uk/,,
Registered Charity,Food Bank,Trussell Trust,Oldham (Clegg Street) Foodbank,Foodbank Voucher,"24 Clegg Street, Oldham",OL1 1PL,,andrew@oldham.foodbank.org.uk,"Tues , Wed, Thursday, 11am - 2pm and Friday 11am - 4pm",,http://oldham.foodbank.org.uk/,,
Registered Charity,Food Bank,Trussell Trust,Oldham (Shaw) Foodbank,Foodbank Voucher,"Salvation Army. Shaw, Oldham",OL2 8QY,,andrew@oldham.foodbank.org.uk,Monday 11am - 2pm,,http://oldham.foodbank.org.uk/,,
Registered Charity,Food Bank,Trussell Trust,Oldham (Chadderton) Foodbank,Foodbank Voucher,"South Chadderton Methodist Church, Thompson Lane, Chadderton",OL9 8LX,,andrew@oldham.foodbank.org.uk,Monday 11am - 2pm,,http://oldham.foodbank.org.uk/,,
Registered Charity,Food Bank,Trussell Trust,Rochdale (South Parade) Foodbank,Foodbank Voucher,"8 South Parade, Rochdale",OL16 1LR,,info@rochdale.foodbank.org.uk,Monday - Friday 11am - 12:45pm,,http://rochdale.foodbank.org.uk/,,
Registered Charity,Food Bank,Trussell Trust,Rochdale (Newhey) Foodbank,Foodbank Voucher,"Ogden Baptist Church, Cedar Lane, Newhey, Rochdale",OL16 4LD,,info@rochdale.foodbank.org.uk,Saturday 10am - 12noon,Emergency blue vouchers only,http://rochdale.foodbank.org.uk/,,
Registered Charity,Food Bank,Trussell Trust,Salford Central (Salford Quays) Foodbank,Foodbank Voucher,"The Sanctuary Centre, Dallas Court, Salford Quays",M50 2GF,,info@salfordcentral.foodbank.org.uk,Mondays & Wednesdays 1pm - 3pm,,http://salfordcentral.foodbank.org.uk/,,
Registered Charity,Food Bank,Trussell Trust,Salford Central (Christ Central) Foodbank,Foodbank Voucher,"Mocha Parade Centre, Christ Central, Salford",M7 1QE,,info@salfordcentral.foodbank.org.uk,Tuesdays & Fridays 1pm - 3pm,,http://salfordcentral.foodbank.org.uk/,,
Registered Charity,Food Bank,Trussell Trust,Stockport (Offerton) Foodbank,Foodbank Voucher,"Drop-in centre at GLO Church, Hexham Close, Offerton",SK2 5PR,,foodbank@stockportfoodbank.org.uk,Mon- Thursday 10 - 12noon (term-time only),,http://stockport.foodbank.org.uk/,,
Registered Charity,Food Bank,Trussell Trust,Stockport (Norris Bank) Foodbank,Foodbank Voucher,"St Martin's Church, 112 Crescent Park, Norris Bank, Stockport",SK4 2JE,,foodbank@stockportfoodbank.org.uk,Mon & Thur 1-3pm (except bank holidays),Not open on bank holidays,http://stockport.foodbank.org.uk/,,
Registered Charity,Food Bank,Trussell Trust,Stockport (Reddish) Foodbank,Foodbank Voucher,"Bairstow Centre, Rupert Street, Reddish, Stockport",SK5 6DL,,foodbank@stockportfoodbank.org.uk,Thursdays & Saturdays 10:30am - 12:30pm,Comes under the umbrella of Stockport Foodbank but runs somewhat independently,http://re-dish.org/projects/food-action/,,
Registered Charity,Food Bank,Trussell Trust,Stockport (Redhouse Lane) Foodbank,Foodbank Voucher,"St Mark's Church, Redhouse Lane, Stockport",SK6 1BX,,foodbank@stockportfoodbank.org.uk,Tuesday 12:30pm - 2:30pm,,http://stockport.foodbank.org.uk/,,
Registered Charity,Food Bank,Trussell Trust,Stockport (Bramhall) Foodbank,Foodbank Voucher,"Drop-in centre at Bramhall Community Hub, 84 North Park Road, Bramhall, Stockport",SK7 3HS,,foodbank@stockportfoodbank.org.uk,"Mon & Fri 10am - 2pm, Wed 11am - 3pm",,http://stockport.foodbank.org.uk/,,
Registered Charity,Food Bank,Trussell Trust,Stockport (Hazel Grove) Foodbank,Foodbank Voucher,"Hazel Grove Baptist Church, Station Street, Hazel Grove, Stockport",SK7 4EX,,foodbank@stockportfoodbank.org.uk,"Mon 12:30pm - 2:30pm, Wed 11am - 1pm and Fri 11:30am - 2:30pm",Not open on bank holidays,http://stockport.foodbank.org.uk/,,
Registered Charity,Food Bank,Trussell Trust,Stockport (Cheadle) Foodbank,Foodbank Voucher,"Trinity Church, Massie Street, Cheadle, Stockport",SK8 1DU,,foodbank@stockportfoodbank.org.uk,Friday 10 - 11.30am,,http://stockport.foodbank.org.uk/,,
Registered Charity,Food Bank,Trussell Trust,Stretford Foodbank,Foodbank Voucher,"Trafford Christian Life Centre, 107 Barton Road, Stretford, Manchester",M32 9AF,,info@stretford.foodbank.org.uk,"Tues 11am - 2pm, Fri 11.30am -1.30pm",,http://stretford.foodbank.org.uk/,,
Registered Charity,Food Bank,Trussell Trust,Tameside East (Dukinfield) Foodbank,Foodbank Voucher,"St Johns, Vicarage Drive, Dukinfield",SK16 5HZ,,info@tamesideeast.foodbank.org.uk,Friday 12noon - 2pm and Saturday 10am - 12noon,,http://tamesideeast.foodbank.org.uk/,,
Registered Charity,Food Bank,Trussell Trust,Tameside East (Stalybridge) Foodbank,Foodbank Voucher,"St Matthews, Dean Street, Stalybridge",SK15 2DJ,,info@tamesideeast.foodbank.org.uk,Monday & Tuesday 11am - 1pm,,http://tamesideeast.foodbank.org.uk/,,
Registered Charity,Food Bank,Trussell Trust,Tameside East (Ashton-under-Lyne) Foodbank,Foodbank Voucher,"New Life Church, St James Street, Ashton-under-Lyne",OL6 6SF,,info@tamesideeast.foodbank.org.uk,Thursday 1pm - 3pm,,http://tamesideeast.foodbank.org.uk/,,
Registered Charity,Food Bank,Trussell Trust,Tameside South & Longdendale (Hattersley),Foodbank Voucher,"Hattersley Baptist Church, Melandra Crescent, Hattersley",SK14 3RB,Feeds approx 100 people per month (40 of these are children),info@tamesidesouthlongdendale.foodbank.org.uk,Tues 12noon - 1pm. Fri 2pm - 3pm,,http://tamesidesouthlongdendale.foodbank.org.uk/,,
Registered Charity,Food Bank,Trussell Trust,Tameside South & Longdendale (Hollingworth),Foodbank Voucher,"St Mary's Church, Market Street, Hollingworth",SK14 8NE,Feeds approx 100 people per month (40 of these are children),info@tamesidesouthlongdendale.foodbank.org.uk,Mon 11am - 12noon ,,http://tamesidesouthlongdendale.foodbank.org.uk/,,
Registered Charity,Food Bank,Trussell Trust,Trafford South (Altrincham) Foodbank,Foodbank Voucher,"St Albans Church Hall, Lindsell Road, Altrincham",WA14 5NX,,info@traffordsouth.foodbank.org.uk,Wednesday 10:30am - 12:30pm,,http://traffordsouth.foodbank.org.uk/,,
Registered Charity,Food Bank,Trussell Trust,Trafford South (Partington) Foodbank,Foodbank Voucher,"The Fuse ROC Centre, Warburton Lane, Partington, Manchester",M31 4BU,,info@traffordsouth.foodbank.org.uk,Thursday 10:30am - 12:30pm,,http://traffordsouth.foodbank.org.uk/,,
Registered Charity,Food Bank,Trussell Trust,Trafford South (Sale Moor) Foodbank,Foodbank Voucher,"St Francis Church, Budworth Road, Sale Moor, Manchester",M33 2RP,,info@traffordsouth.foodbank.org.uk,Monday 12noon - 2pm,,http://traffordsouth.foodbank.org.uk/,,
Registered Charity,Food Bank,Trussell Trust,Trafford South (Sale) Foodbank,Foodbank Voucher,"Sale West Credit Unit Rooms, Newbury Avenue, Sale, Manchester",M33 4QW,,info@traffordsouth.foodbank.org.uk,Tuesday 11am - 1pm,,http://traffordsouth.foodbank.org.uk/,,
Registered Charity,Food Bank,Trussell Trust,Trafford South (Timperley) Foodbank,Foodbank Voucher,"Timperley Methodist Church, Stockport Road, Timperley",WA15 7UG,,info@traffordsouth.foodbank.org.uk,Friday 10am - 12noon,,http://traffordsouth.foodbank.org.uk/,,
Registered Charity,Food Bank,Trussell Trust,Wythenshawe (Brookcot Road) Foodbank,Foodbank Voucher,"Royal Oak Community Centre, Brookcot Road, Baguley, Wythenshawe, Manchester",M23 1DU,,info@wythenshawe.foodbank.org.uk,Mon - Thu 10am - 3pm,,http://wythenshawe.foodbank.org.uk,,
Registered Charity,Food Bank,Trussell Trust,Wythenshawe (Brownley Road) Foodbank,Foodbank Voucher,"Food for Thought, St Luke's Church, Brownley Road, Benchill, Wythenshawe, Manchester",M22 4PT,,info@wythenshawe.foodbank.org.uk,Fri 4.30 - 5.30pm Sat 10 - 11am,,http://wythenshawe.foodbank.org.uk,,
Registered Charity,Food Bank,Trussell Trust,Wythenshawe (Greenbrow Road) Foodbank,Foodbank Voucher,"Tree of Life, Greenbrow Road, Newall Green, Wythenshawe, Manchester",M23 2UE,,info@wythenshawe.foodbank.org.uk,"Mon, Tues, Thu 11am - 2.30pm",,http://wythenshawe.foodbank.org.uk,,
Registered Charity,Food Bank,Trussell Trust,Wythenshawe (Oatlands Road) Foodbank,Foodbank Voucher,"Dandelion Community Centre, Oatlands Road, Wythenshawe, Manchester",M22 1AH,,info@wythenshawe.foodbank.org.uk,Wed 11am - 2pm,,http://wythenshawe.foodbank.org.uk,,
Registered Charity,Food Bank,Trussell Trust,Wythenshawe (Wythenshawe Road) Foodbank,Foodbank Voucher,"C-Saw, St Aidens' Centre, Wythenshawe Road, Wythenshawe, Manchester",M23 9DE,,info@wythenshawe.foodbank.org.uk,Wed 12 - 3pm,,http://wythenshawe.foodbank.org.uk,,
Registered Charity,Homeless Centre,The Wellspring,Food Services,Not known,"Harvey Street, Stockport",SK1 1YD,,thewellspring@btconnect.com,Monday - Thursday 11:30am - 2pm and Monday - Thursday 5pm - 8pm,,http://www.thewellspring.btck.co.uk/,,
Registered Charity,Food Distribution,"The River, Manchester",Food Bank,Referral or assessment,"1300 Ashton Old Road, Openshaw, Manchester",M11 1JG,,info@therivermanchester.org,Monday - Friday 12noon - 3pm,Other support services available,http://www.therivermanchester.org.uk/home/4586239028,,
Registered Charity,Food Distribution,The Oasis Centre,Emergency Provision,Open door,"Collier House, Wellington Street, Gorton, Manchester",M18 8TX,60+ people per week,info@theoasiscentre.org.uk,Monday - Wednesdays 10am -2pm,"Emergency Food Packs offered. Free café serving breakfast and lunch on Mondays, Tuesdays and Wednesdays.Other support services available.",http://theoasiscentre.org.uk/,,
Church,Food Bank,The Metropolitan Church of Manchester,,At their discretion,"Wilbraham St Ninian's URC, Egerton Road South, Chorlton, Manchester",M21 0XJ,,contact@metropolitanchurch.org.uk,After services or when visiting,,http://metropolitanchurch.org.uk/,,
,Pantry Club,The Globe: Old Trafford Pantry,,Not known,79 Cornbrook Street  Old Trafford  Manchester ,M16 7QB,,urchoice1@outlook.com,Friday 2 - 4.30pm,,https://118aglobe.wordpress.com/,,
Registered Charity,Support for young asylum seekers,The Children's Society,Hope Young Refugee Service,,"Zion Community Resource Centre, 339 Stretford Road, Hulme, Manchester",M15 4ZY,,0161 868 0382,Not known,"For young asylum seekers, aged 11-19",http://www.zioncentre.co.uk/,,
Registered Charity,Food Bank,The Chatterbox Project & Joy Community Church,Food Bank,Proof  of benefits required,"70 Booth Hall Road, Charlestown, Blackley, Manchester",M9 7BL,,info@chatterboxproject.org.uk,Mondays 1:30pm - 2:30pm + Bread Tues - Fri 2.30 - 3pm Local school term time only,Also provides other support services such as money managements and after school hours children's club,http://chatterboxproject.org.uk/helping-hands/,,
,Meals and food parcels,The Bridge at Leigh ,,Not known,The Old Methodist School 87 King St LEIGH ,WN7 4LJ,,dwhughes604@virginmedia.com,Open Mon - Sat 10.00 - 4.00 We are a community cafe utilising surplus food on a pay as you feel basis plus also a surplus food market on similar lines. If you cannot afford to pay it is free. If you cannot get to a referral agency for a foodbank voucher we can supply food for that crisis event. ,,,,
Charity,Food Bank,The Brick Food Bank,,Referral,"10 Arcade Street, Wigan",WN1 1LU,,enquiries@thebrick.org.uk,Appointment,Unlimited parcels but need a referral for each 3 day pack,http://thebrick.org.uk/ ,,
Community Organisation,Food Distribution,The Bideford Community Centre,,Referral,"Bideford Drive, Bideford Estate, Altrincham Road, Wythenshawe, Manchester",M23 0QN,,ericsmith5892@hotmail.com,Tuesday and Thursday 10am - 2pm,"Food Parels available to residents of Baguley, by referral only.",http://wythenshawe.foodbank.org.uk,,
Registered Charity,Food Distribution,St Margaret's Centre,The Bread Project/Forever Kitchen,Not known,"Brantingham Road, Whalley Range, Manchester",M21 0TT,,info@st-margarets-centre.co.uk,Not known,Looking to expand project to address larger issue of Food Poverty,http://www.st-margarets-centre.co.uk/what-we-do/projects/,,
,Food Bank,St Cross Church,,"St Cross Voucher OM PA Assessment sheet
","The Rectory, 54 Clayton Hall Road, Clayton ",M11 4WH,,0161 223 0766,Thursday AM,Tinned food and dried goods,Not known,,
Church,Drop In Centre,St Aiden & Oswald RC Church,The Welcome Centre,Not known,"Vaughan Street, Royton, Oldham",OL2 5DL,,Not known,Daily (except Tues & Sat) 10:30am - 12pm,,http://streetskitchen.co.uk/?page_id=1072,,
,Food Bank,Shout TMO,,Proof of low income & financial difficulties,"50 Kilnside Drive, Harpurhey, Manchester",M9 5QP,,0161 202 6482,Thur 1-3pm,,http://www.shouttmo.co.uk/,,
SureStart Centre,Food Distribution,Sharston Sure Start Children's Centre ,Barnado's,Referral/first come first served,"Pundswick Children's Centre, Poundswick Lane, Sharston, Manchester",M22 9TA,,sharston.sscc@manchester.gov.uk,Not known,"Limited amount of food parcels given on a first come, first served basis. Parcels available for referred families/those known to the centre.",https://hsm.manchester.gov.uk/kb5/manchester/directory/service.page?id=1RYFhjYFnHY&directorychannel=1-2-4,,
Salvation Army,Food Distribution,Salvation Army Shaw,Café,Not known,"Farrow Street, Shaw, Oldham",OL2 8QY,,shaw@salvationarmy.org.uk,Wednesday & Thursday 10am - 2pm,,http://www.salvationarmy.org.uk/Shaw,,
Salvation Army,Food Distribution,Salvation Army Rochdale, ,Not known,"Newgate, Rochdale",OL16 1AW,rochdale@salvationarmy.org.uk,rochdale@salvationarmy.org.uk, ,,http://www.salvationarmy.org.uk/rochdale,,
Salvation Army,Food Distribution,Salvation Army Openshaw,Food Bank,Referral,"1319 Ashton Old Road, Openshaw",M11 1JS,,openshaw@salvationarmy.org.uk,Mon - Fri 10 - 4.30, ,http://www.salvationarmy.org.uk/Openshaw,,
Salvation Army,Food Distribution,Salvation Army Oldham Roundthorn,Not known,Not known,"203 Roundthorn Road,",OL4 5LD,,oldham.roundthorn@salvationarmy.org.uk,,,http://www.salvationarmy.org.uk/oldham-roundthorn,,
Salvation Army,Food Distribution,Salvation Army Oldham Citadel, ,Not known,"York Street, Oldham",OL9 6ET,,oldham.citadel@salvationarmy.org.uk,, ,http://www.salvationarmy.org.uk/oldham-citadel,,
Salvation Army,Food Distribution,Salvation Army Manchester City Centre, ,Not known,"71 Grosvenor Street, Manchester",M13 9UB,centralnorth@salvationarmy.org.uk,centralnorth@salvationarmy.org.uk, ,,http://www.salvationarmy.org.uk/manchester-central,,
Salvation Army,Food Distribution,Salvation Army Fitton Hill,Café Eden 18+,Not known,"1 Fir Tree Lane Precint, Oldham",OL8 2QP,,chris.neilson@salvationarmy.org.uk,Monday 3pm - 5pm,,http://www.salvationarmy.org.uk/Fitton-Hill,,
Salvation Army,Food Distribution,Salvation Army Farnworth, ,Not known,"54 - 56 Brackley Street, Farnworth, Bolton",BL4 9DR,farnworth@salvationarmy.org.uk,farnworth@salvationarmy.org.uk, ,,http://www.salvationarmy.org.uk/farnworth,,
Salvation Army,Food Distribution,Salvation Army Failsworth,Meet-In Café,Not known,"572 Oldham Road, Failsworth, Manchester",M35 9DQ,,failsworth@salvationarmy.org.uk,Monday 1:30pm - 2:30pm,,http://www.salvationarmy.org.uk/failsworth,,
Salvation Army,Food Distribution,Salvation Army Eccles,Fruit & Veg Club,Not known,"Church Street, Eccles, Salford",M30 0LU,,raymond.ward@salvationarmy.org.uk,Thursday 1:45 - 2:45pm,,http://www.salvationarmy.org.uk/Eccles,,
Salvation Army,Food Distribution,Salvation Army Atherton,The Good Grub Club,Not known,"George Street, Atherton, Manchester",M46 0EL,,mark.cotterill@salvationarmy.org.uk,Monday 12:30pm - 2pm,,http://www.salvationarmy.org.uk/Atherton,,
Registered Charity,Asylum Service,Revive187,Drop In,Open door,"St Brigid's Parish Hall, Greymare Lane, Beswick, Manchester",M11 3ND,,info@revive-uk.org,Tuesday 11:30am - 4pm,Food Parcels available to any person in need,http://www.revive-uk.org/,,
Church,Food Bank,Restore Food Bank Arise & Shine Christian Ministries,,Proof of benefits,"582 Hyde Road Gorton, Manchester,",M18 7EE,,O7872611770,Tuesday 3 - 5pm,Agency referrals accepted,https://www.facebook.com/AriseShineChristianMinistries/,,
Community Group,Food Bank plus,Reach out to the Community,,Rough sleepers and local families,"Elliotts Fruit & Veg, Chorlton Precinct, Wilbraham Road, Chorlton",M21 9AQ,,reachoutcommunity@yahoo.com 07516161655,Monday - Saturday 7.30am - 4.30pm,,Not known,,
Registered Charity,Asylum Service,Rainbow Haven (Gorton),With British Red Cross,Referral or self-refer,"St Paul & St John, 113 Abbey Hey Lane, Gorton, Manchester",M18 8TJ,,finance.rainbowhaven@yahoo.co.uk,Tuesday & Thursday 10am - 2pm ,"To support refugees, asylum seekers & other migrants. Must phone in advance",http://www.rainbowhaven.org.uk,,
Registered Charity,Hot meals between 12noon and 1pm.,Rainbow Haven (Salford),,,"The Emmanuel Centre, 174 Langworthy Road, Salford",M6 5PN,,finance.rainbowhaven@yahoo.co.uk,Wednesday 10am - 3pm,,http://www.rainbowhaven.org.uk,,
Church,Food Bank,Rainbow Christian Centre,Food & Family support services,Proof of circumstances,"29 Bronte Street, Hulme, Manchester",M15 6QL,,0161 865 2488,Friday from 6pm,"Food parcel for local residents on low income, benefits or benefit sanction.  Clients must provide proof of address & circumstances.  Family support services are also available.",http://opencharities.org/charities/1043339,,
Registered Charity,Food Distribution,Porch Boxes,,Referral,"14 Kenmor Avenue, Bury",BL8 2DY,Approx 400 boxes given per month. Recipients are located throughout Bury and Rochdale,0161 761 5908 / 0161 764 1132 /0161 724 5696 lesandkathleen@btinternet.com,Not known,400 food parcels a month to residents in Bury & Rochdale from a Radcliffe base,http://www.porchboxes.org.uk/,,
,Food Bank,Petrus Day Centre, ,Assessment,"73 Great George Street, Rochdale",OL16 1QG,9 - 4 weekdays except Wed 9 - 2,01706 526289,9 - 4 weekdays except Wed 9 - 2,,http://www.petrus.org.uk/,,
Housing Assoc,Pantry Club,Penny Lane Pantry,Stockport Homes (Penny Lane),Become a member – See notes for more information,"Hanover Towers, Lancashire Hill, Penny Lane, Stockport SK5 7RJ",SK5 7RJ,,pantry@stockporthomes.org 0161 474 4760,Tuesday 3.3-pm - 5.30pm Wednesday 10am - 12 noon,Find out how to become a member here: <a href=”http://your-local-pantry.beta.stockporthomes.org/join-us/become-a-member/”>http://your-local-pantry.beta.stockporthomes.org/join-us/become-a-member/</a>,http://www.yourlocalpantry.co.uk/,,
Housing Assoc,Pantry Club,Pantry at No 5,Stockport Homes (Bridgehall),Become a member – See notes for more information,"5 Cuddington Crescent, Bridgehall, Stockpor",SK3 8LX,,pantry@stockporthomes.org 0161 474 4760,Thursday 3.30pm - 5.30pm Friday 10a - 12 noon,Find out how to become a member here: <a href=”http://your-local-pantry.beta.stockporthomes.org/join-us/become-a-member/”>http://your-local-pantry.beta.stockporthomes.org/join-us/become-a-member/</a>,http://www.yourlocalpantry.co.uk/,,
Church,Asylum Service,Oldham Baptist Church,The Welcome Project,Not known,"Chaucer Street, Oldham",OL1 1BA,,0161 624 1214,Thursday 1pm - 3pm,Aimed at failed asylum seekers/asylum seekers awaiting benefits. Food parcels provided,http://streetskitchen.co.uk/?page_id=1072,,
SureStart Centre,Food Distribution,Northenden Sure Start Children's Centre,,Referral,"Sale Road, Northenden, Manchester",M23 0JX,,northenden.sscc@manchester.gov.uk,Not known,"Limited amount of food parcels given on a first come, first served basis. Parcels available for referred families/those known to the centre.",https://hsm.manchester.gov.uk/kb5/manchester/directory/service.page?id=eVvTdqxYgos&directorychannel=1-2-4,,
Health Forum,Food Bank +,North Manchester Black Health Forum,"Food Bank, mental health issues",Assessment,"Woodville Children's Centre, Shirley Road, Cheetham, Manchester",M8 0NE,,0161 720 9974,Monday - Wednesday 12 - 2pm,"Subsidised café, cooking classes, food parcels on assessment",https://sites.google.com/site/nmblackhealth/home,,
Housing Association,Food Bank,New Longsight Housing Co-op,Food Bank,By appointment,"Studio 7 Longsight Business Park, Hamilton Road, Longsight, Manchester",M13 0PD,,0161 256 4226,By appointment,A 3 day food parcel service to Manchester residents,https://nlhc.wordpress.com/,,
Church,Food Distribution,New Covenant Church,Highway Hope ProjectCafé,Open door,"1 Matthews Lane, Ardwick, Manchester",M12 4WQ,Approx 30 people per week,info@manchesterncc.org,Tuesday 11am - 5pm,Café and emergency food. Full Roast dinner provided after Sunday service as well as food parcels available then too.,http://manchesterncc.org/,,
Church Group,Food Bank,Myriad Foundation,,Evidence of need,"Weybrook Road, Levenshulme",M19 2QD,,info@myriadfoundation.org 07584634997,Wednesday 7 - 9pm Saturday 12 - 3pm,,http://www.myriadfoundation.org/,,
Registered Charity,Food Club. £2 for 10 items for people on pension or benefits who are ‘Approaching Crisis’.,Mustard Tree,Food Club (Little Hulton),People ‘approaching crisis’ should be signposted to our Food Club and advised to bring proof of pension/benefit status. People ‘in crisis’  require a full referral for a food parcel via our website (mustardtree.org.uk) A hard copy must be given to the client plus a copy emailed to us. ,"50 Hulton District Centre, Little Hulton, Salford",M28 0AU,Work with 4000 clients annually,info@mustardtree.co.uk,Monday - Friday 10am - 4pm  except Thursday 10 – 12 only,,http://www.mustardtree.org.uk/,,
Registered Charity,Food Club. £2 for 10 items for people on pension or benefits who are ‘Approaching Crisis’.,Mustard Tree,Food Club (Eccles),People ‘approaching crisis’ should be signposted to our Food Club and advised to bring proof of pension/benefit status. People ‘in crisis’  require a full referral for a food parcel via our website (mustardtree.org.uk) A hard copy must be given to the client plus a copy emailed to us. ,"15 Southway, Eccles, Salford",M30 0LJ,Work with 4000 clients annually,info@mustardtree.co.uk,Weekdays 10am-4pm and Saturdays 10am-2pm,,http://www.mustardtree.org.uk/,,
Registered Charity,Food parcels available as crisis provision to pople who are referred.,Mustard Tree,Food Club & Soup Run,Referral required – appointment necessary,"110 Oldham Road, Ancoats, Manchester",M4 6AG,Work with 4000 clients annually,info@mustardtree.co.uk,"Monday, Tuesday, Wednesday, Friday 10am - 4pm and Saturdays 10am - 2pm.",,http://www.mustardtree.org.uk/,,
Housing Assoc,Pantry Club,Mottram St Pantry,Stockport Homes (Mottram Fold),Become a member – See notes for more information,"Mottram Towers, Mottram Fold Stockport ",SK1 3NY,,pantry@stockporthomes.org 0161 474 4760,Thursday 3.30pm - 5.30pm Friday 10am - 12 noon,Find out more about how to become a member here: <a href=”http://your-local-pantry.beta.stockporthomes.org/join-us/become-a-member/”>http://your-local-pantry.beta.stockporthomes.org/join-us/become-a-member/</a>,http://www.yourlocalpantry.co.uk/,,
Independent,Food Bank,Mossley Food Bank,Community Food Bank,Not known,"Micklehurst Youth Base, The Rowans, Mossley",OL5 9DR,,Not known,Very limited supplies,,https://mtc530.wordpress.com/2016/11/17/mossley-food-bank/,,
Registered Charity,Food Distribution,MERCi,Herbie the mobile greengrocer,Not known,"Bridge 5 Mill, 22a Beswick Street, Ancoats, Manchester",M4 7HR,,hello@herbie.org.uk,Timetabled Route,Afforable fresh fruit & veg,http://www.herbie.org.uk/,,
Registered Charity,Food Distribution,Manchester Buddhist Centre,Engaged Buddhist Kula,Not known,"16-20 Turner Street, Manchester",M4 1DZ,,mcrengagedbuddhists@yahoo.co.uk,Not known,,http://www.manchesterbuddhistcentre.org.uk/sangha/events/engaged-buddhists-food-bank-collection-starts.html,,
,Food Bank,Lifeshare Ltd,Food Bank,"self referrals for 16-25 year olds wanting to engage further with our service. If it is for food parcels only then it has to be agency referral. The parcel must be collected by a pport/agency worker if the recipient is over 25.
self referrals for 16-25 year olds wanting to engage further with our service.
If it is for food parcels only then it has to be agency referral. The parcel must be collected by a support/agency worker if the recipient is over 25.
","First Floor, 27 Houldsworth Street",M1 1EB,,office@lifeshare.org.uk,Mon-Fri 10am-4pm,,http://www.lifeshare.org.uk/,,
Registered Charity,Homeless Centre,Lifeshare,Weekend Breakfast Service,Self-referral,"Charter Street Ragged School, 142 Dantzic Street, Manchester",M4 4DN,Serve approx 50-60 breakfasts each day,office@lifeshare.org.uk,Saturday & Sunday 6.30am - 9am. ,Serve breakfast  to over 18s Food parcels can be available but Lifeshare must be contated in advance,http://www.lifeshare.org.uk/,,
Community Organisation,Food Bank,L'Chaim-Chabad,The Chabad Foodbank Initiative,Not known,"42 Singleton Road, Salford",M7 4LN,Distribute food to 70+ families each day. ,foodbank@lchaim.org.uk,Not known,,http://lchaimfoodbank.co.uk/,,
Community Organisation,Hot meal only.,Justlife Health & Enterprise Centre,Drop-in Meals,,"1479-1489 Ashton Old Road, Manchester",M11 1HH,,Not known,Monday & Friday 12noon,,http://justlife.org.uk/projects/justlife-manchester/,,
Church,Food Distribution,Hyde & District Fellowship of Churches,Community Food Store,Referral,"The Central Methodist Church, Crook Street, Hyde",SK14 1NQ,,O1613681392,Mon 1-2pm Thurs 10-11am Sat 12- 1pm,,https://www.facebook.com/hdfc.foodbank.sk14/,,
Charity,Food Distribution,Heywood ST Vincent de Paul Society Food Bank,,Assessment,"6 Bethel Street, Heywood ",OL10 1HU,,O1706 369 777,Appointment,Short term support for people in crisis,http://svp.org.uk ,,
Church,Food Distribution,Harpurhey Community Church,Open Door,Open door,"Christ Church, Harpurhey, Manchester",M9 5BG,90+ families & individuals each week,info@christchurchharpurhey.org,Tuesday from 11am,Café and Food Bank,http://christchurchharpurhey.org/  http://hcconline.org.uk/theopendoor,,
Registered Charity,Food Distribution,George House Trust,Food Parcel Scheme,Food & supplies to knowns only,"75 - 77 Ardwick Green North, Manchester",M12 6FX,,info@ght.org.uk,N/A,"Weekly supply of food & toiletries for people, known to GHT, who are HIV Positive and destitute. ",http://www.ght.org.uk/food-parcel-scheme,,
Church Group,Food Bank,Fountain Gate Chapel,,Call to refer,"Kingdom Mandate Centre, Chichester Road, Hulme",M15 5EU,,fgckmc@yahoo.com 0161 222 3032,Monday - Friday 11.30am - 2.30pm,,Not known,,
Registered Charity,"A healthy, cooked meal in a warm environment.",FoodCycle Manchester,FoodCycle Hub,,"The Roby, 307 Dickenson Road, Longsight, Manchester",M13 0NG,,manchester@foodcycle.org.uk,Wednesday 7:30pm,,http://foodcycle.org.uk/location/manchester/,,
Church Group,"A food bank for people in crisis, once every 2 weeks.",Feed the 5000,,,"Faith Life Centre, 5 Mary Street, Manchester",M3 1NH,,info@manchesterlifecentre.co.uk 0161 298 5123,Thursday 4 - 6pm plus Job Club Monday 1-2pm,,http://manchesterlifecentre.co.uk/cms/,,
Registered Charity,Food Bank,Emmeline's Pantry Parlour,Women only Food bank,Referral,"The Pankhurst Centre, 60 - 62 Nelson Street, Manchester",M13 9WP,,0161 273 5673,Wednesday 11am - 1pm,Advice is to call ahead,https://www.facebook.com/Emellines/,,
Church,Food Bank & Café,Elim Foursquare Church,Hope Food Bank,,"182 Greenacres Road, Oldham",OL4 2AB,,,Monday - Friday via referral and Saturdays 10am -2pm,Hope Café is open on Saturdays,http://www.elim4sq.org.uk/hope-food-bank/,,
Church,Food Distribution,East Oldham Methodist Church,Food Share,Local families,"Collett Street, Off Ripponden Road, Oldham",OL1 4HP,,,Contact for details,Provides 20 food parcels to local familes,http://eastoldhamchurch.weebly.com/community-involvement.html,,
,Pantry Club,Dukinfield Pantry,New Charter Housing Group,Not known,1 Wellington Parade Central Estate Dukinfield ,SK16 4LE,,,Tuesday and Thursday 9:30am – 12:30pm,,,,
Registered Charity,Food Bank,Compassion Prison Ministries,Compassion Food Bank,Referral/assessment,"Church of God of Prophecy, 300 Moss Lane East, Moss Side, Manchester",M14 4SS,,admin@compassionfoodbank.co.uk,"Tuesdays & Fridays 12pm – 3pm,  1st Saturday of month 10am – 12noon",Also a parent's breakfast club first Tuesday of the month 9 - 11.30am,http://www.compassionfoodbank.co.uk/,,
Community Organisation,Family Centre,Chrysalis Manchester,,Not known,"4 Westerling Way, Moss Side, Manchester",M16 7EA,,Not known,Not known,,https://chrysalisfamilycentre.wordpress.com/,,
Church,Food Bnak plus other,Christian Restoration Manchester,Food bank plus,Proof of benefits or referral from other organisations,"451 Victoria Avenue, Blackley, Manchester (on google maps its the Victoria Avenue entrance to Blackley Cemetery as our building is inside the cemetary.)",M9 8JP,,crm.manchester@gmail.com,"Tuesday 6:30pm to 8:30pm, Thursday 12pm to 3pm, Friday 7pm to 8pm, ( however Sunday @12pm to 3pm we offer tea, snacks )",,www.crm-manchester.org,,
Church,Food Bank,Christian Restoration Manchester,Restoration Food Bank,Not known,"125-133 Pollard Street, Ancoats, Manchester",M4 7JB,,crm.manchester@gmail.com,Tuesday 6pm - 8pm and Sunday 3pm - 5pm,Dry food parcels and hygeine products available both days. Hot meals available on Sundays,http://crm-manchester.org/,,
Church,Food Distribution,Christchurch Church Hall,Drop in,Not known,"Block Lane, Chadderton",OL9 7QB,,Not known,Food Store is open Monday - Friday 10am - 12pm. ,"Food parcels given out to anyone who is homeless, on benefits or engage with drug/alcohol/mental health agencies",http://streetskitchen.co.uk/?page_id=1072,,
,Food Bank,Christ the Vine Ministries,,Not known,"Park View, Harpurhey Road, Rochdale Manchester",M9 5TF,,0790 383 3949,Weds 12-2pm ,,http://christthevine.weebly.com/about.html,,
Registered Charity,Food Bank,Chelwood Foodbank Plus (St Petersgate),,Not known,"Rev320 Charity Shop, 22 St Petersgate, Stockport",SK1 1HD,,Not known,Friday 2pm - 4pm,Street kitchen serving warm food and drinks. Also provides warm clothing & sleeping bags in winter,http://www.chelwoodfoodbankplus.org/opening-times/,,
Registered Charity,Food Bank,Chelwood Foodbank Plus (Brinnington),,Not known,"Brinnington Community Church, Northumberland Road, Brinnington, Stockport",SK5 8LS,,info@chelwoodfoodbankplus.org,Wed 1pm - 3pm,,http://www.chelwoodfoodbankplus.org/opening-times/,,
Church,"Fare Share Café provides free refreshments, support, and a place to pick up your food parcel.",Chadderton Community Church,Fare Share,,"Garforth Street, Chadderton",OL9 6RW,,07842 207 498,Tuesdays 11am - 1pm,,http://www.chaddertoncommunity.org.uk/fare-share/,,
Registered Charity,Food and Drink available throughout the day.,Caritas Diocese of Salford,Cornerstone,,"104b Denmark Road, Manchester",M15 6JS,200 people come to Cornerstone each day,Not known,Monday - Friday 10:30am - 4pm,,http://www.cornerstonecds.org.uk/,,
Registered Charity,Food Distribution,Caritas Diocese of Salford,Lalley Community Centre,Not known,"St Malachy's RC Primary School, Eggington Street, Manchester",M40 7RG,,lalleycentre@caritassalford.org.uk,Wednesday and Thursday 10am - 3pm,"Food provided on a first come, first served basis",http://www.caritassalford.org.uk/community-resource-centres/lalley-community-centre,,
SureStart Centre,Food Distribution,Brooklands SureStart Children's Centre,,First come first served,"Sandilands School, Wendover Road, Brooklands, Manchester",M23 9JX,,brooklands.sscc@manchester.gov.uk,Not known,"Limited amount of food parcels given on a first come, first served basis. ",https://hsm.manchester.gov.uk/kb5/manchester/directory/service.page?id=ZvxLzyU_ihk,,
Housing Assoc,Pantry Club,Brinnington Pantry,Stockport Homes (Brinnington),Become a member. See notes.,"First House, 367 Brinnington Road, Brinnington, Stockport",SK5 8EN,,pantry@stockporthomes.org 0161 474 4760,Thursday 3.30pm - 5.30pm Friday 10a - 12 noon,Find out how to become a member here: <a href=”http://your-local-pantry.beta.stockporthomes.org/join-us/become-a-member/”>http://your-local-pantry.beta.stockporthomes.org/join-us/become-a-member/</a>,http://www.yourlocalpantry.co.uk/,,
Registered Charity,Asylum Service,BRASS Bolton,Destitution Project,Not known,"The Lodge, Green Lane, Bolton",BL3 2HP,,admin@brass-bolton.org.uk,Wednesday 10am - 4pm,Provides weekly food & toiletries to destitute asylum seekers.,http://brassbolton.org/index.php/en/,,
Registered Charity,Homeless Centre,Booth Centre,Breakfast and lunch for homeless people. Can supply food bank referral forms.,,"Edward Holt House, Pimblett Street, Manchester",M3 1FU,170 people come to the Booth Centre each week,admin@boothcentre.org.uk,Food served daily 9am - 1:30pm,,http://www.boothcentre.org.uk/,,
Registered Charity,British Red Cross Food Parcel or £10 per week for food and essentials (for those who are not eligible for Red Cross support). Plus monthly Drop Ins where food and toiletries are distributed to clients.,Boaz Trust,,,"First Floor, 110 Oldham Road, Manchester",M4 6AG,Served 2045 meals in 2014/2015,info@boaztrust.org.uk,Not known,,www.boaztrust.org.uk,,
Community Group,,Befrienders,,Formal referral,"Methodist Central Hall, Oldham Street, Manchester",M1 1JQ,,admin@methodistcentralbuildings.org.uk 0161 236 1185,Monday & Wednesday 2 - 4pm,,http://www.methodistcentralbuildings.org.uk/,,
Registered Charity,Homeless Centre,Barnabus,The Beacon Drop-In Centre,Not known,"45 Bloom Street, Manchester",M1 3LY,Approx 600 visits each week,admin@barnabusmanchester.co.uk,5 days and 5 evenings per week,"Offer food, clean clothing, blankets, hot showers and toiletry packs",http://www.barnabus-manchester.org.uk/what_we_do.html,,
SureStart Centre,Food Distribution,Baguley SureStart Centre,,For families with young children,"Ackworth Drive, Baguley, Manchester",M23 1LB,"Limited amount of food given out on a first come, first served basis",0161 227 3477 / baguley.sscc@manchester.gov.uk,Monday - Friday 8am - 4pm. Please ring.,For families with children under 5 years old,https://hsm.manchester.gov.uk/kb5/manchester/directory/service.page?id=cym_FYfIik8&directorychannel=1-2-4,,
Church Group,Food Bank,Audacious A Teams,,For homeless & sex workers,"Audacious Church, Trinity Way, Manchester",M3 7BB,,info@audaciouschurch.com 0161 830 7000,Monday - Friday 10am - 4pm,,https://audaciouschurch.com/a-teams/,,
Mosque,Food Bank,Ashton Central Mosque,,Not known,"Hillgate Street, Ashton-under-Lyne",OL6 9JA,,Not known,Not known,,http://ashtoncentralmosque.com/index.php/services/tameside-food-bank/,,
,,Ardwick & Longsight Foodbank ,,Referral or proof on need +ID,"Transformation Community Resource Centre, 11 Richmond Grove, Longsight",M13 0LN,,07928 412339,Monday 1-3 Thursday 2-4,,http://ardwickandlongsightfoodbank.org.uk/,,
Community Organisation,Food Bank,4CT Limited,East Manchester (Beswick) Food Bank,Referral,"Grange Community Resource Centre, Pilgrim Drive.Beswick, Manchester",M11 3TQ,Distribute a maximum of 45 food bags per week,v.keelan.4ct@btconnect.com,Friday 10am - 12oon,"Maximum of 4 weeks within a 6 month period. For street homeless, fleeing domestic violence. Open access Job club Friday 10am - 2pm",http://www.4ct.org.uk/index.php/Section76.html,,
Community Organisation,Food Bank,4CT Limited,East Manchester (Newton Heath) Food Bank,Referral/Proof of benefits,"CSTAR Stirling Centre, Scotland Hall Road, Newton Heath, Manchester",M40 2AZ,Distribute a maximum of 45 food bags per week,v.keelan.4ct@btconnect.com,Wednesday 2pm - 4pm,Maximum of 4 weeks within a 6 month period,http://www.4ct.org.uk/index.php/Section76.html,,
